"Term","Trend","Std. error","T statistic","P value","Error structure"
"SAE_species",0.0290744219557924,0.00652191077966753,4.45796070170628,0.000460332376564826,"iid"
"CPE_species",0.0176851402291031,0.00578839584166382,3.05527484865647,0.00801674315633518,"AR(2)"
"CPE_harvests",-0.0243859017152728,0.0129211520571588,-1.88728540670351,0.0786269184505699,"AR(1)"
